Ejercicio 1,Ejercicio 2,Ejercicio 3,Ejercicio 4 - Matriz Original,Ejercicio 4 - Matriz Inversa,Ejercicio 5 - Max,Ejercicio 5 - Min,Ejercicio 5 - Índice Max,Ejercicio 5 - Índice Min,Ejercicio 6,Ejercicio 7,Ejercicio 8,Ejercicio 9,Ejercicio 10
"[10, 11, 12, 13, 14, 15, 16, 17, 18, 19, 20, 21, 22, 23, 24, 25, 26, 27, 28, 29]",100.0,"[20, 35, 36, 20, 6]","[[2, 1, 3, 8], [9, 8, 7, 6], [4, 6, 9, 6], [5, 4, 7, 9]]","[[-0.5454545454545456, -0.01185770750988165, -0.3992094861660078, 0.7588932806324113], [0.8181818181818185, 0.30039525691699637, 0.44664031620553346, -1.2252964426877475], [-0.5454545454545456, -0.22924901185770766, -0.051383399209486126, 0.6719367588932809], [0.36363636363636376, 0.05138339920948623, 0.06324110671936757, -0.28853754940711474]]",0.9934862907715409,0.00013943879757749578,39,78,"[[2, 3, 4], [3, 4, 5], [4, 5, 6]]","[[81, 29], [77, 73]]","[0.0, 0.0, 0.0, 5.0, 5.0, 5.0, 5.0, 0.0, 0.0, 0.0]","[[87, 81, 69], [89, 34, 3], [98, 55, 54]]","[0.5563188878036504, 0.5340553478646692, 0.8373331420597664, 0.6569017603685747, 0.8658117475786287, 0.6648159735213732, 0.5056601038492126, 0.7433578829110619]"
